naam,plaats,branche,website,publiek email,reden_waarom_interessant
Mufide Hair & Art,Hengelo,kappers,https://www.mufide.nl,info@mufide.nl,2 vestigingen (Hengelo/Enschede) met online boeking via MijnSalon - Spilwerk Zeker 45/mnd voor werkplek-onderhoud + backup 300 voor klant-/agenda-data + printer 130 voor kassabonprinter
Assink Pure Identity,Hengelo,kappers,https://assinkonline.nl,info@assinkonline.nl,Familiebedrijf sinds 1908 met 5 salons en veel personeel - werkplek-setup 185 per werkplek + Spilwerk Zeker 85/mnd voor meerdere locaties + NAS 195 voor foto/video opslag
Stralend Huidzorg,Hengelo,schoonheidssalon,https://www.stralendhengelo.nl,info@stralendhengelo.nl,Schoonheidssalon met webshop (TapParfum) en boekingssysteem - backup 300 (klantbestanden AVG) + Spilwerk Zeker 45/mnd + printer 130 voor verzendlabels
Esthetiek Huidverbetering,Hengelo,schoonheidssalon,https://esthetiekhuidverbetering.nl,info@esthetiekhuidverbetering.nl,"ZZP salon 1-2 personen, sterk afhankelijk van online agenda en Instagram - werkplek-setup 185 + backup 300 + Spilwerk Zeker 45/mnd ideaal voor ontzorging"
Beauty by Hands of Gold,Hengelo,schoonheidssalon,https://www.beautybyhandsofgold.nl,info@beautybyhandsofgold.nl,"All-round salon (wenkbrauwen, laser, nagels) met online boeking - Spilwerk Zeker 45/mnd + printer 130 voor wimper-/nagel-administratie + backup 300"
Het Ahuis Schoonheidssalon,Enschede,schoonheidssalon,https://hetahuis.nl,info@hetahuis.nl,"ZZP salon aan huis in Stroinkslanden, werkt op afspraak - werkplek-setup 185 + backup 300 (klantkaarten) + Spilwerk Zeker 45/mnd, kleine ondernemer zonder IT-afdeling"
Bouwbedrijf Vos,Borne,bouwbedrijf,https://www.bouwbedrijfvosborne.nl,bouwbedrijfvosborne@kpnmail.nl,"Kleinschalig bouwbedrijf sinds 1983, 50km rond Borne, particuliere verbouw - werkplek-setup 185 (offerte-laptop) + printer 130 (bouwtekeningen A3) + Spilwerk Zeker 45/mnd"
Bouwbedrijf Poorthuis,Oldenzaal,bouwbedrijf,https://www.poorthuis-bouw.nl,info@poorthuis-bouw.nl,"100+ jaar familiebedrijf Oldenzaal, vaste ploeg vakmensen - NAS 195 (bouwfoto's/tekeningen) + backup 300 + Spilwerk Zeker 85/mnd + halve dag 250 op kantoor Eekboerstraat"
Kleinbouw Twente,Enschede,bouwbedrijf,https://www.kleinbouw-twente.nl,info@kleinbouw-twente.nl,"BouwGarant aannemer 20+ jaar Enschede, nieuwbouw/verbouw/verduurzamen - backup 300 + NAS 195 + Spilwerk Zeker 45/mnd, veel buitenwerk dus betrouwbare thuiswerkplek nodig"
Bouwbedrijf De Jong Twente,Hengelo,bouwbedrijf,https://bouwbedrijf-dejong.nl,info@bouwbedrijf-dejong.nl,"Erkend bouwbedrijf sinds 1933 Hengelo, particuliere/zakelijke markt - halve dag 250 voor kantooroptimalisatie + Spilwerk Zeker 45/mnd + printer 130"
Bewust Fysio,Hengelo,fysio,https://www.bewustfysio.nl,info@bewustfysio.nl,Bewust Fysio (Hengelo) - Fysiopraktijk met afhankelijk boekingssysteem en patiëntdata - Spilwerk Zeker €45/mnd + backup 300 (AVG) + werkplek-setup 185 voor nieuwe therapeuten
Driesprong Fysiotherapeuten,Hengelo,fysio,https://www.driesprong.nl,info@driesprong.nl,Driesprong Fysiotherapeuten (Hengelo) - Fysiopraktijk met afhankelijk boekingssysteem en patiëntdata - Spilwerk Zeker €45/mnd + backup 300 (AVG) + werkplek-setup 185 voor nieuwe therapeuten
Fysiotherapie De Bleek,Enschede,fysio,https://www.fysiodebleek.nl,info@fysio-debleek.nl,Fysiotherapie De Bleek (Enschede) - Fysiopraktijk met afhankelijk boekingssysteem en patiëntdata - Spilwerk Zeker €45/mnd + backup 300 (AVG) + werkplek-setup 185 voor nieuwe therapeuten
Bouwgroep Huiskes,Enschede,bouwbedrijf,https://www.bouwgroephuiskes.nl,info@bouwgroephuiskes.nl,Bouwgroep Huiskes (Enschede) - Bouwbedrijf met tekeningen/foto’s/offertes op laptop - NAS 195 + backup 300 + Spilwerk Zeker €45/mnd + halve dag €250 voor kantoor-optimalisatie + printer 130 (A3)
Holtkamp Bouw,Almelo,bouwbedrijf,https://holtkampbouw.nl,info@holtkampbouw.nl,Holtkamp Bouw (Almelo) - Bouwbedrijf met tekeningen/foto’s/offertes op laptop - NAS 195 + backup 300 + Spilwerk Zeker €45/mnd + halve dag €250 voor kantoor-optimalisatie + printer 130 (A3)
Lowik Bouw,Almelo,bouwbedrijf,https://www.lowikbouw.nl,info@lowikbouw.nl,Lowik Bouw (Almelo) - Bouwbedrijf met tekeningen/foto’s/offertes op laptop - NAS 195 + backup 300 + Spilwerk Zeker €45/mnd + halve dag €250 voor kantoor-optimalisatie + printer 130 (A3)
Renova Twente Bouw,Enschede,bouwbedrijf,https://renova-twente-bouw.com,info@renova-twente-bouw.nl,Renova Twente Bouw (Enschede) - Bouwbedrijf met tekeningen/foto’s/offertes op laptop - NAS 195 + backup 300 + Spilwerk Zeker €45/mnd + halve dag €250 voor kantoor-optimalisatie + printer 130 (A3)
Auto Mulder Hengelo,Hengelo,autobedrijf,https://www.automulderhengelo.nl,info@automulderhengelo.nl,Auto Mulder Hengelo (Hengelo) - Autobedrijf met werkplaats-software en leasestukken - NAS 195 (foto’s/offertes) + backup 300 + Spilwerk Zeker €85/mnd voor meerdere werkplekken + printer 130
Auto Schiphorst,Almelo,autobedrijf,https://www.auto-schiphorst.nl,verkoop@auto-schiphorst.nl,Auto Schiphorst (Almelo) - Autobedrijf met werkplaats-software en leasestukken - NAS 195 (foto’s/offertes) + backup 300 + Spilwerk Zeker €85/mnd voor meerdere werkplekken + printer 130
Autobedrijf Andre,Almelo,autobedrijf,https://autobedrijfandre.nl,info@autobedrijfandre.nl,Autobedrijf Andre (Almelo) - Autobedrijf met werkplaats-software en leasestukken - NAS 195 (foto’s/offertes) + backup 300 + Spilwerk Zeker €85/mnd voor meerdere werkplekken + printer 130
Autobedrijf Leus,Almelo,autobedrijf,https://autobedrijfleus.nl,autobedrijf.leus@gmail.com,Autobedrijf Leus (Almelo) - Autobedrijf met werkplaats-software en leasestukken - NAS 195 (foto’s/offertes) + backup 300 + Spilwerk Zeker €85/mnd voor meerdere werkplekken + printer 130
Autobedrijf Schlichter,Hengelo,autobedrijf,https://www.reneschlichter.nl,info@autobedrijfschlichter.nl,Autobedrijf Schlichter (Hengelo) - Autobedrijf met werkplaats-software en leasestukken - NAS 195 (foto’s/offertes) + backup 300 + Spilwerk Zeker €85/mnd voor meerdere werkplekken + printer 130
Autobedrijf Ter Kuile,Enschede,autobedrijf,https://www.autoterkuile.nl,info@autoterkuile.nl,Autobedrijf Ter Kuile (Enschede) - Autobedrijf met werkplaats-software en leasestukken - NAS 195 (foto’s/offertes) + backup 300 + Spilwerk Zeker €85/mnd voor meerdere werkplekken + printer 130
Autohuis Enschede,Enschede,autobedrijf,https://www.autohuis-enschede.nl,info@autohuis-enschede.nl,"Klein universeel autobedrijf Enschede, occasions + detailing - NAS 195 (foto's/offertes) + backup 300 + Spilwerk Zeker 45/mnd + printer 130"
Autobedrijf EB,Enschede,autobedrijf,https://www.autobedrijfeb.nl,info@autobedrijfeb.nl,"Universeel autobedrijf EB Enschede, alle merken + import + RDW vrijwaring - NAS 195 + backup 300 + Spilwerk Zeker 85/mnd voor werkplaats-software + printer 130"
Lak Schadeherstel Twente,Hengelo,autobedrijf,https://www.lakschadehersteltwente.nl,info@lakschadehersteltwente.nl,"Spotrepair specialist Hengelo, kleine lakschade spotrepair - NAS 195 + backup 300 + Spilwerk Zeker 45/mnd"
Autoschade Hof van Twente,Goor,autobedrijf,https://autoschadehofvantwente.nl,info@autoschadehofvantwente.nl,"Klein schadeherstel Goor, kleur-inmeet systeem + leenauto - NAS 195 + backup 300 + Spilwerk Zeker 45/mnd + printer 130"
Bouwbedrijf Assink,Haaksbergen,bouwbedrijf,https://bouwbedrijfassink.nl,bouwbedrijfassink@hotmail.nl,"Klein bouwbedrijf Haaksbergen regio, verbouw/onderhoud - NAS 195 (tekeningen/foto's) + backup 300 + Spilwerk Zeker 45/mnd + printer 130 A3 + halve dag 250"
Kapsalon ZES,Oldenzaal,kappers,https://kapsalonzes.nl,info@kapsalonzes.nl,"High-tech kapsalon Oldenzaal Spoorstraat, online afspraken - werkplek-setup 185 + Spilwerk Zeker 45/mnd (kassa/agenda backup) + printer 130"
Haarstudio Oldenzaal,Oldenzaal,kappers,https://haarstudiooldenzaal.nl,info@haarstudiooldenzaal.nl,"Sfeervolle familiekapsalon Oldenzaal, warme klantenkring - werkplek-setup 185 + Spilwerk Zeker 45/mnd + backup 300"
Kapsalon Sjiek,Enschede,kappers,https://www.sjiekenschede.nl,info@sjiekenschede.nl,"Zelfstandige kapsalon Enschede (Sjiek), knip/kleur dames/heren - werkplek-setup 185 + Spilwerk Zeker 45/mnd + printer 130"
Kapstars,Enschede,kappers,https://www.kapstars.nl,info@kapstars.nl,"Kapsalon Kapstars Enschede met en zonder afspraak, klein team - werkplek-setup 185 + Spilwerk Zeker 45/mnd + backup 300"
Skinns,Almelo,schoonheidssalon,https://skinns.nl,skinns.almelo@outlook.com,"ZZP schoonheidssalon Almelo (Skinns), gezichtsbehandelingen - werkplek-setup 185 + backup 300 (klantkaarten AVG) + Spilwerk Zeker 45/mnd"
B Beautiful,Almelo,schoonheidssalon,https://bbeautiful.nl,info@bbeautiful.nl,"Beautysalon B Beautiful Almelo, wenkbrauwen/behandelingen - Spilwerk Zeker 45/mnd + printer 130 + backup 300"
Topvorm Twente,Hengelo,fysio,https://topvormtwente.nl,info@topvormtwente.nl,"Fysiopraktijk Topvorm Twente (Hengelo/Enschede), breed specialisme - Spilwerk Zeker 45/mnd + backup 300 (AVG) + werkplek-setup 185"
Fysiocentrum Kamminga,Hengelo,fysio,https://www.fysiocentrumkamminga.nl,info@fysiocentrumkamminga.nl,"Fysiocentrum Kamminga Hengelo, fysio/oefentherapie - Spilwerk Zeker 45/mnd + backup 300 (AVG) + werkplek-setup 185"
Fysiotherapie Zuid Hengelo,Hengelo,fysio,https://www.fysiotherapiezuidhengelo.nl,info@fysiozuidhengelo.nl,"Wijkpraktijk Zuid Hengelo (Breemarsweg), klein gezellig team - Spilwerk Zeker 45/mnd + backup 300 + werkplek-setup 185"
Fysiotherapie Wooldersteen,Hengelo,fysio,https://www.wooldersteen.nl,fysiotherapie@wooldersteen.nl,"Actieve praktijk Wooldersteen Hengelo, 11 fysiotherapeuten - Spilwerk Zeker 85/mnd + backup 300 + halve dag 250"
Fysiotherapie Hasseler Es,Hengelo,fysio,https://www.fysiotherapiehasseleres.nl,info@fysiotherapiehasseleres.nl,"Fysio Hasseler Es en Slangenbeek Hengelo, 2 locaties klein - Spilwerk Zeker 85/mnd + backup 300 + werkplek-setup 185"
Ehair,Hengelo,kappers,https://ehair.nl,info@ehair.nl,"Zelfstandige kapsalon Hengelo centrum, klein team, online boeking - werkplek-setup 185 + Spilwerk Zeker 45/mnd + backup 300 (klant-/agenda-data) + printer 130"
Kapsalon Leus,Hengelo,kappers,https://kapsalonleus.nl,info@kapsalonleus.nl,"Familiekapsalon Hengelo, dames/heren/kinderen, agenda op PC - werkplek-setup 185 + Spilwerk Zeker 45/mnd + backup 300 + printer 130"
Kapsalon Figaro,Almelo,kappers,https://figaro-almelo.nl,info@figaro-almelo.nl,"Kapsalon Figaro Almelo, klein team, afhankelijk van agenda/kassa - werkplek-setup 185 + Spilwerk Zeker 45/mnd + backup 300"
Kapsalon Robin,Almelo,kappers,https://kapsalonrobin.nl,info@kapsalonrobin.nl,"Kapsalon Robin Almelo, 1-3 stoelen, online aanwezigheid - werkplek-setup 185 + Spilwerk Zeker 45/mnd + printer 130"
Kapsalon Hair Desire,Almelo,kappers,https://www.kapsalonhairdesire.nl,info@kapsalonhairdesire.nl,"Kapsalon Hair Desire Almelo, Dames/heren knip/kleur - werkplek-setup 185 + Spilwerk Zeker 45/mnd + backup 300"
Kapsalon Silkhair,Enschede,kappers,https://www.kapsalonsilkhair.com,info@kapsalonsilkhair.com,"Kapsalon+Barber Silkhair Enschede, klein team met/without afspraak - werkplek-setup 185 + Spilwerk Zeker 45/mnd + backup 300"
Berteke Hairstyling,Hengelo,kappers,https://www.berteke.nl,info@berteke.nl,"Berteke Hairstyling Hengelo, boutique salon met vaste klantenkring - werkplek-setup 185 + Spilwerk Zeker 45/mnd + printer 130"
Marimorphose,Borne,kappers,https://www.marimorphose.nl,info@marimorphose.nl,"Marimorphose Borne, kapsalon+schoonheidssalon combo, klein team - Spilwerk Zeker 45/mnd + backup 300 + werkplek-setup 185 + printer 130"
Kapsalon Frederique,Borne,kappers,https://www.kapsalon-frederique.nl,info@kapsalon-frederique.nl,"Kapsalon Frederique Borne, dorpskapper met loyale klanten - werkplek-setup 185 + Spilwerk Zeker 45/mnd + backup 300"
Kapsalon Esther,Almelo,kappers,https://kapsalon-esther.nl,info@kapsalon-esther.nl,"Kapsalon Esther Almelo, kleinschalige salon met persoonlijke aandacht - werkplek-setup 185 + Spilwerk Zeker 45/mnd + backup 300"
Glam Skin,Enschede,schoonheidssalon,https://www.glamskin.nl,info@glamskin.nl,"Schoonheidssalon Glam Skin Enschede, huidverbetering + boeking - Spilwerk Zeker 45/mnd + backup 300 (AVG klantkaarten) + printer 130"
Schoonheidssalon Femma,Oldenzaal,schoonheidssalon,https://www.schoonheidssalonfemma.nl,info@schoonheidssalonfemma.nl,"Schoonheidssalon Femma Oldenzaal, laser ontharen + huid - backup 300 + Spilwerk Zeker 45/mnd + werkplek-setup 185"
Beauty Salon Borne,Borne,schoonheidssalon,https://beautysalonborne.nl,info@beautysalonborne.nl,"Beauty Salon Borne, laser+huid, kleine salon met online afspraken - backup 300 + Spilwerk Zeker 45/mnd + printer 130"
Zen & Zuiver,Nijverdal,schoonheidssalon,https://zenenzuiver.nl,info@zenenzuiver.nl,"Zen & Zuiver Nijverdal, holistische schoonheidssalon, ZZP - backup 300 (klantkaarten) + Spilwerk Zeker 45/mnd + werkplek-setup 185"
Huidinstituut Wierden,Wierden,schoonheidssalon,https://huidinstituutwierden.nl,info@huidinstituutwierden.nl,"Huidinstituut Wierden, huidtherapie + schoonheid, klein team - backup 300 AVG + Spilwerk Zeker 45/mnd + NAS 195 (foto's)"
Sense Wellness,Rijssen,schoonheidssalon,https://www.sense-wellness.nl,info@sense-wellness.nl,"Sense Wellness Rijssen, beauty & wellness, afhankelijk van boekingssysteem - Spilwerk Zeker 45/mnd + backup 300 + printer 130"
Beautyvette,Borne,schoonheidssalon,https://beautyvette.nl,info@beautyvette.nl,"Beautyvette Borne, persoonlijke salon aan huis, 1-2 personen - werkplek-setup 185 + backup 300 + Spilwerk Zeker 45/mnd"
Schoonheidssalon Marielle,Goor,schoonheidssalon,https://www.schoonheidssalonmarielle.nl,info@schoonheidssalonmarielle.nl,"Schoonheidssalon Marielle Goor, ZZP salon met vaste klanten - backup 300 + Spilwerk Zeker 45/mnd + werkplek-setup 185"
Mystyle Beauty,Almelo,schoonheidssalon,https://www.mystyle-beautyenyoga.nl,info@mystyle-beautyenyoga.nl,"Mystyle Beauty & Yoga Almelo, beauty+Yoga, klein team - Spilwerk Zeker 45/mnd + backup 300 + printer 130"
Puur Ilse,Almelo,schoonheidssalon,https://www.puur-ilse.nl,info@puur-ilse.nl,"Puur Ilse Almelo, natuurzuivere schoonheidssalon, ZZP - backup 300 (klantkaarten AVG) + Spilwerk Zeker 45/mnd"
Haafkes Goor,Goor,bouwbedrijf,https://www.haafkesgoor.nl,info@haafkesgoor.nl,"Bouwbedrijf Haafkes Goor, familiebedrijf renovatie/onderhoud - NAS 195 (tekeningen/foto's) + backup 300 + Spilwerk Zeker 45/mnd + printer 130 A3 + halve dag 250"
Bouwbedrijf Homan,Hengelo,bouwbedrijf,https://www.bouwbedrijfhoman.nl,info@bouwbedrijfhoman.nl,"Bouwbedrijf Homan Hengelo, aannemer sinds 1982, klein team vakmensen - NAS 195 + backup 300 + Spilwerk Zeker 45/mnd + halve dag 250"
Bouwbedrijf Kormelink,Haaksbergen,bouwbedrijf,https://www.kormelinkbouw.nl,info@kormelinkbouw.nl,"Bouwbedrijf Kormelink Haaksbergen, klein aannemer verbouw/nieuwbouw - NAS 195 + backup 300 + Spilwerk Zeker 45/mnd + printer 130"
Van Ommeren Kleinbouw,Enschede,bouwbedrijf,https://www.vanommerenkleinbouw.nl,info@vanommerenkleinbouw.nl,"Van Ommeren Kleinbouw Enschede, kleine verbouw/aannemer, offertes op laptop - NAS 195 + backup 300 + Spilwerk Zeker 45/mnd"
Extra Bouwen,Enschede,bouwbedrijf,https://extrabouwen.nl,info@extrabouwen.nl,"Extra Bouwen Enschede, klein bouwbedrijf aanbouw/renovatie - NAS 195 + backup 300 + Spilwerk Zeker 45/mnd + halve dag 250"
Hogenhout Bouw,Enschede,bouwbedrijf,https://hogenhoutbouw.nl,info@hogenhoutbouw.nl,"Hogenhout Bouw Enschede, bouwbedrijf met tekeningen/offertes - NAS 195 + backup 300 + Spilwerk Zeker 45/mnd + printer 130"
Bouwbedrijf Hulst,Enschede,bouwbedrijf,https://bouwbedrijf-hulst.nl,info@bouwbedrijf-hulst.nl,"Bouwbedrijf Hulst Enschede, klein aannemer, particulier/zakelijk - backup 300 + NAS 195 + Spilwerk Zeker 45/mnd"
Fysio Berflo,Hengelo,fysio,https://www.fysioberflo.nl,info@fysioberflo.nl,"Fysiopraktijk Berflo Hengelo, klein team met boekingssysteem - backup 300 AVG + Spilwerk Zeker 45/mnd + werkplek-setup 185"
Fysiotherapie Noordman,Enschede,fysio,https://www.fysiotherapienoordman.nl,info@fysiotherapienoordman.nl,"Fysiotherapie Noordman Enschede, praktijk met patiëntdata AVG - backup 300 + Spilwerk Zeker 45/mnd + werkplek-setup 185"
Verdipark Fysio,Almelo,fysio,https://verdiparkfysio.nl,info@verdiparkfysio.nl,"Verdipark Fysiotherapie Almelo, wijkpraktijk met meerdere therapeuten - Spilwerk Zeker 45/mnd + backup 300 + werkplek-setup 185"
Acacia Fysio,Almelo,fysio,https://acaciaplein.nl,info@acaciaplein.nl,"Acacia Fysio Almelo, fysio+zorg, klein team - backup 300 AVG + Spilwerk Zeker 45/mnd + werkplek-setup 185"
Fysio Bewust,Rijssen,fysio,https://fysiobewust.nl,info@fysiobewust.nl,"Fysio Bewust Rijssen, praktijk met persoonlijke aandacht - backup 300 + Spilwerk Zeker 45/mnd + werkplek-setup 185"
Fyziototaal,Rijssen,fysio,https://fyziototaal.nl,info@fyziototaal.nl,"Fyziototaal Rijssen, fysio/herstel, klein team - backup 300 AVG + Spilwerk Zeker 45/mnd"
Fysiomedisch Centrum Rijssen,Rijssen,fysio,https://fysiomedischcentrumrijssen.nl,info@fysiomcr.nl,"Fysiomedisch Centrum Rijssen, medisch centrum met fysio - backup 300 AVG + Spilwerk Zeker 85/mnd + werkplek-setup 185"
Fysio Breshamer,Enschede,fysio,https://www.fysiobreshamer.nl,info@fysiobreshamer.nl,"Fysiotherapie Breshamer Enschede, praktijk met tijd/aandacht - backup 300 + Spilwerk Zeker 45/mnd + werkplek-setup 185"
FysioFit Borne,Borne,fysio,https://www.fysiofitborne.nl,info@fysiofitborne.nl,"FysioFit Borne, specialist herstel, klein team Borne - backup 300 + Spilwerk Zeker 45/mnd + werkplek-setup 185"
Fysio van Delden,Delden,fysio,https://www.fysiovandelden.nl,info@fysiovandelden.nl,"Fysiotherapie van Delden, sportfysio Delden, klein team - backup 300 AVG + Spilwerk Zeker 45/mnd"
Fysio Centrum Sengers,Goor,fysio,https://fysiocentrumsengers.nl,info@fysiocentrumsengers.nl,"Fysio Centrum Sengers Goor, fysiotherapie Goor met boeking - backup 300 + Spilwerk Zeker 45/mnd + werkplek-setup 185"
Fysiotherapie Delden,Delden,fysio,https://www.fysiotherapie-delden.nl,info@fysiotherapie-delden.nl,"Fysiotherapie Delden, wijkpraktijk Delden, klein team - backup 300 + Spilwerk Zeker 45/mnd"
Autoschade Hengelo,Hengelo,autobedrijf,https://www.autoschadehengelo.nl,info@autoschadehengelo.nl,"Autoschade Hengelo, schadeherstel, kleur-inmeet systeem - NAS 195 + backup 300 + Spilwerk Zeker 45/mnd + printer 130"
Auto Sprakel,Hengelo,autobedrijf,https://www.autosprakel.nl,info@autosprakel.nl,"Auto Sprakel Hengelo, occasions + onderhoud, klein team - NAS 195 (foto's/offertes) + backup 300 + Spilwerk Zeker 45/mnd"
Auto Reuvers,Losser,autobedrijf,https://www.auto-reuvers.nl,verkoop@auto-reuvers.nl,"Auto Reuvers Losser, familiebedrijf occasions/verhuur - NAS 195 + backup 300 + Spilwerk Zeker 45/mnd + printer 130"
Stadsauto Twente,Enschede,autobedrijf,https://stadsautotwente.nl,info@stadsautotwente.nl,"Stadsauto Twente Enschede, occasions elke prijsklasse, klein - NAS 195 + backup 300 + Spilwerk Zeker 45/mnd"
Autobedrijf Aktief,Haaksbergen,autobedrijf,https://www.aktief.com,info@autobedrijfaktief.nl,"Autobedrijf Aktief Haaksbergen, occasion + onderhoud - NAS 195 + backup 300 + Spilwerk Zeker 45/mnd + printer 130"
Temminghoff,Rijssen,autobedrijf,https://www.temminghoff.nl,info@temminghoff.nl,"Temminghoff Rijssen, autobedrijf met werkplaats, klein team - NAS 195 + backup 300 + Spilwerk Zeker 45/mnd"
Auto Zwijnenberg,Wierden,autobedrijf,https://www.auto-zwijnenberg.nl,verkoop@auto-zwijnenberg.nl,"Auto Zwijnenberg Wierden, Audi/Mercedes/Opel specialist, klein - NAS 195 + backup 300 + Spilwerk Zeker 45/mnd"
Baan Automotive,Almelo,autobedrijf,https://baanautomotive.nl,info@baanautomotive.nl,"Baan Automotive Almelo/Hengelo, schade + onderhoud, 2 locaties klein - Spilwerk Zeker 85/mnd + NAS 195 + backup 300"
Autobedrijf Hulsman,Goor,autobedrijf,https://autobedrijfhulsman.nl,info@autobedrijfhulsman.nl,"Autobedrijf Hulsman Goor, universeel autobedrijf, klein team - NAS 195 + backup 300 + Spilwerk Zeker 45/mnd"
Autoservice Michiel Jonker,Enschede,autobedrijf,https://www.autoservicemichieljonker.nl,info@autoservicemichieljonker.nl,"Autoservice Michiel Jonker Enschede, Carteam specialist, occasions - NAS 195 + backup 300 + Spilwerk Zeker 45/mnd + printer 130"
Fabulous Hairstudio,Hengelo,kappers,https://fabuloushairstudio.nl,fabuloushairstudio@hotmail.com,"Kapperzaak Fabulous Hengelo, 5-sterren salon met vaste klanten - werkplek-setup 185 + Spilwerk Zeker 45/mnd + backup 300 + printer 130"
